{
 "full_maxrl": {
  "auc_mean": 0.8872611219166026,
  "auc_std": 0.0018752638375842017,
  "final_mean": 0.9859065982153647,
  "final_std": 0.0004077422466010348
 },
 "positive_part": {
  "auc_mean": 0.8283457300843552,
  "auc_std": 0.0017344928390208428,
  "final_mean": 0.941110301335348,
  "final_std": 0.0007523139423260007
 }
}