{
  "uniform+grpo": {
    "auc": 0.36384429620996556,
    "auc_std": 0.016414946249850255,
    "steps_to_frontier12": 400.0
  },
  "uniform+maxrl": {
    "auc": 0.6528069950981592,
    "auc_std": 0.006536864436092145,
    "steps_to_frontier12": 248.0
  },
  "zpd+grpo": {
    "auc": 0.6547830592156607,
    "auc_std": 0.008269574070561886,
    "steps_to_frontier12": 262.0
  },
  "zpd+maxrl": {
    "auc": 0.6881376211722532,
    "auc_std": 0.005750781619166042,
    "steps_to_frontier12": 236.0
  },
  "alp+maxrl": {
    "auc": 0.5144844429641173,
    "auc_std": 0.031482359094259955,
    "steps_to_frontier12": 346.0
  },
  "maxrl_frontier+grpo": {
    "auc": 0.5947005475912979,
    "auc_std": 0.021111051288709784,
    "steps_to_frontier12": 292.0
  },
  "maxrl_frontier+maxrl": {
    "auc": 0.7115494965886768,
    "auc_std": 0.009583610976235142,
    "steps_to_frontier12": 206.0
  },
  "maxrl_frontier+maxrl+adaptiveN": {
    "auc": 0.7181994770397135,
    "auc_std": 0.006705034798481918,
    "steps_to_frontier12": 200.0
  },
  "zpd+maxrl+adaptiveN": {
    "auc": 0.7079527436524099,
    "auc_std": 0.024799272113748664,
    "steps_to_frontier12": 216.0
  }
}