{
  "uniform+reinforce": {
    "mean_pass": 0.2765449500061,
    "mean_pass_std": 0.0161460980350484,
    "solved_frac": 0.18888888888888888,
    "frontier": 3.2
  },
  "uniform+rloo": {
    "mean_pass": 0.27540469305130716,
    "mean_pass_std": 0.015036305687195413,
    "solved_frac": 0.18888888888888888,
    "frontier": 3.2
  },
  "uniform+grpo": {
    "mean_pass": 0.7560865710553403,
    "mean_pass_std": 0.008177244565283466,
    "solved_frac": 0.6666666666666665,
    "frontier": 9.0
  },
  "uniform+maxrl": {
    "mean_pass": 0.965880204501467,
    "mean_pass_std": 0.0013300555868789833,
    "solved_frac": 0.9277777777777778,
    "frontier": 12.0
  },
  "zpd+reinforce": {
    "mean_pass": 0.8567537154789502,
    "mean_pass_std": 0.03522691497936174,
    "solved_frac": 0.8111111111111111,
    "frontier": 11.2
  },
  "zpd+rloo": {
    "mean_pass": 0.8645558979764351,
    "mean_pass_std": 0.021053549572561808,
    "solved_frac": 0.8055555555555556,
    "frontier": 11.2
  },
  "zpd+grpo": {
    "mean_pass": 0.9887759562947211,
    "mean_pass_std": 0.0002564163156885369,
    "solved_frac": 1.0,
    "frontier": 12.0
  },
  "zpd+maxrl": {
    "mean_pass": 0.9771829583571068,
    "mean_pass_std": 0.0004512185935488507,
    "solved_frac": 1.0,
    "frontier": 12.0
  },
  "alp+reinforce": {
    "mean_pass": 0.6059012943081664,
    "mean_pass_std": 0.008204057230664486,
    "solved_frac": 0.5666666666666667,
    "frontier": 7.2
  },
  "alp+rloo": {
    "mean_pass": 0.6093754560426989,
    "mean_pass_std": 0.01375866109365702,
    "solved_frac": 0.55,
    "frontier": 7.0
  },
  "alp+grpo": {
    "mean_pass": 0.8797033392996145,
    "mean_pass_std": 0.05647865942479545,
    "solved_frac": 0.8777777777777777,
    "frontier": 11.2
  },
  "alp+maxrl": {
    "mean_pass": 0.8601242787023177,
    "mean_pass_std": 0.06518405460682909,
    "solved_frac": 0.8444444444444444,
    "frontier": 11.8
  },
  "maxrl_frontier+reinforce": {
    "mean_pass": 0.6730332435785632,
    "mean_pass_std": 0.015580252081580865,
    "solved_frac": 0.5666666666666667,
    "frontier": 8.2
  },
  "maxrl_frontier+rloo": {
    "mean_pass": 0.6640015027477701,
    "mean_pass_std": 0.013323811779596434,
    "solved_frac": 0.5666666666666667,
    "frontier": 8.2
  },
  "maxrl_frontier+grpo": {
    "mean_pass": 0.9891056323151217,
    "mean_pass_std": 0.0006436940111761092,
    "solved_frac": 1.0,
    "frontier": 12.0
  },
  "maxrl_frontier+maxrl": {
    "mean_pass": 0.9791324930694796,
    "mean_pass_std": 0.00058451434503765,
    "solved_frac": 1.0,
    "frontier": 12.0
  }
}