{
  "uniform+maxrl": {
    "auc": 0.2672222222222222,
    "auc_std": 0.003986861137335374,
    "final": 0.3,
    "flag_bin": 0.0
  },
  "teacher(g1)+maxrl": {
    "auc": 0.2723611111111111,
    "auc_std": 0.0245892177514786,
    "final": 0.31875,
    "flag_bin": 0.0
  },
  "teacher(g4)+maxrl": {
    "auc": 0.2616666666666666,
    "auc_std": 0.010553727911951584,
    "final": 0.2975,
    "flag_bin": 0.0
  },
  "teacher(g1)+maxrl+hs": {
    "auc": 0.28458333333333335,
    "auc_std": 0.04430838548955894,
    "final": 0.32249999999999995,
    "flag_bin": 0.0
  },
  "teacher(g4)+maxrl+hs": {
    "auc": 0.3030555555555555,
    "auc_std": 0.016063146994223294,
    "final": 0.355,
    "flag_bin": 0.0
  }
}