{
 "uniform": {
  "auc_per_seed": [
   0.65709261456961,
   0.6509616248361356,
   0.6481589789804358,
   0.6533296850499735,
   0.6382360753139782
  ],
  "auc_mean": 0.6495557957500266,
  "auc_std": 0.006373529659849899,
  "final_mean": 0.965880204501467
 },
 "teacher_thompson": {
  "auc_per_seed": [
   0.7302137236732817,
   0.7294943830176754,
   0.7282864911780617,
   0.7259528941334926,
   0.7251560403672765
  ],
  "auc_mean": 0.7278207064739576,
  "auc_std": 0.0019664103477716856,
  "final_mean": 0.9795200014504186
 },
 "oracle_gamma1": {
  "auc_per_seed": [
   0.8473082516914587,
   0.8502046272080033,
   0.8517539330046807,
   0.8537856293947981,
   0.8525890838042268
  ],
  "auc_mean": 0.8511283050206335,
  "auc_std": 0.002237527474594807,
  "final_mean": 0.9846469271880013
 },
 "oracle_gamma4": {
  "auc_per_seed": [
   0.882070259422902,
   0.8841815728287981,
   0.8831804027163217,
   0.8819454415759448,
   0.8865019929545648
  ],
  "auc_mean": 0.8835759338997062,
  "auc_std": 0.0016739549498075244,
  "final_mean": 0.9875449731808837
 },
 "full_stack_gamma4_hs": {
  "auc_per_seed": [
   0.8923827311054553,
   0.8899856164475598,
   0.8889042740928056,
   0.8854745124034341,
   0.8908593847859376
  ],
  "auc_mean": 0.8895213037670384,
  "auc_std": 0.0023216829865809444,
  "final_mean": 0.9856270127154986
 }
}