{
 "long_falp_hsdense_s0": {
  "0": {
   "1": 0.931640625,
   "2": 0.9649367559523809,
   "4": 0.9904082385862859,
   "8": 0.9993434392254049,
   "16": 0.9999983142798963,
   "32": 0.9999999999999851,
   "64": 1.0
  },
  "1": {
   "1": 0.9931640625,
   "2": 0.9995349702380952,
   "4": 0.9999985244957317,
   "8": 1.0,
   "16": 1.0,
   "32": 1.0,
   "64": 1.0
  },
  "2": {
   "1": 0.61328125,
   "2": 0.6783854166666666,
   "4": 0.715863716917227,
   "8": 0.7405057494736152,
   "16": 0.7618189906076511,
   "32": 0.7811863466668896,
   "64": 0.8125
  },
  "3": {
   "1": 0.5361328125,
   "2": 0.6535218253968254,
   "4": 0.7491476503676563,
   "8": 0.8116536055335652,
   "16": 0.8503034659685031,
   "32": 0.8713141741607308,
   "64": 0.875
  },
  "4": {
   "1": 0.2705078125,
   "2": 0.3736049107142857,
   "4": 0.48786210842084055,
   "8": 0.6032367505947871,
   "16": 0.6878589321039785,
   "32": 0.7350014561729992,
   "64": 0.75
  },
  "5": {
   "1": 0.1044921875,
   "2": 0.14338417658730157,
   "4": 0.20188960945959555,
   "8": 0.2807363282043329,
   "16": 0.37053912146878465,
   "32": 0.4608934038489758,
   "64": 0.5625
  },
  "6": {
   "1": 0.03125,
   "2": 0.05679563492063492,
   "4": 0.0956352026201808,
   "8": 0.1447955072907931,
   "16": 0.19717922117619352,
   "32": 0.24801062748959413,
   "64": 0.3125
  },
  "7": {
   "1": 0.0,
   "2": 0.0,
   "4": 0.0,
   "8": 0.0,
   "16": 0.0,
   "32": 0.0,
   "64": 0.0
  },
  "8": {
   "1": 0.0,
   "2": 0.0,
   "4": 0.0,
   "8": 0.0,
   "16": 0.0,
   "32": 0.0,
   "64": 0.0
  },
  "9": {
   "1": 0.0,
   "2": 0.0,
   "4": 0.0,
   "8": 0.0,
   "16": 0.0,
   "32": 0.0,
   "64": 0.0
  },
  "10": {
   "1": 0.0,
   "2": 0.0,
   "4": 0.0,
   "8": 0.0,
   "16": 0.0,
   "32": 0.0,
   "64": 0.0
  },
  "11": {
   "1": 0.0,
   "2": 0.0,
   "4": 0.0,
   "8": 0.0,
   "16": 0.0,
   "32": 0.0,
   "64": 0.0
  },
  "12": {
   "1": 0.0,
   "2": 0.0,
   "4": 0.0,
   "8": 0.0,
   "16": 0.0,
   "32": 0.0,
   "64": 0.0
  }
 },
 "ck_wide_hsdense": {
  "0": {
   "1": 0.923828125,
   "2": 0.9365389384920635,
   "4": 0.9374960653219511,
   "8": 0.9375,
   "16": 0.9375,
   "32": 0.9375,
   "64": 0.9375
  },
  "1": {
   "1": 0.9287109375,
   "2": 0.9387710813492063,
   "4": 0.9414028071567072,
   "8": 0.9453125,
   "16": 0.953125,
   "32": 0.96875,
   "64": 1.0
  },
  "2": {
   "1": 0.814453125,
   "2": 0.9106212797619048,
   "4": 0.9352158210256605,
   "8": 0.9374680831796252,
   "16": 0.9374999983319865,
   "32": 0.9375,
   "64": 0.9375
  },
  "3": {
   "1": 0.4716796875,
   "2": 0.5227244543650793,
   "4": 0.5658707403175443,
   "8": 0.6192731729770518,
   "16": 0.690070588419683,
   "32": 0.760346375977454,
   "64": 0.8125
  },
  "4": {
   "1": 0.16015625,
   "2": 0.2560763888888889,
   "4": 0.3622548892309435,
   "8": 0.4621863240193108,
   "16": 0.554458159890803,
   "32": 0.6314214860664443,
   "64": 0.6875
  },
  "5": {
   "1": 0.07421875,
   "2": 0.09561011904761905,
   "4": 0.11922792566921006,
   "8": 0.14736176910957205,
   "16": 0.17675099705445535,
   "32": 0.21130930215774546,
   "64": 0.25
  },
  "6": {
   "1": 0.072265625,
   "2": 0.1263640873015873,
   "4": 0.20141764482762964,
   "8": 0.28595802327295694,
   "16": 0.3580485693631841,
   "32": 0.4023202356693548,
   "64": 0.4375
  },
  "7": {
   "1": 0.0126953125,
   "2": 0.023685515873015872,
   "4": 0.04150819750824708,
   "8": 0.06560961370750122,
   "16": 0.09185084987365588,
   "32": 0.12498915535806265,
   "64": 0.1875
  },
  "8": {
   "1": 0.0,
   "2": 0.0,
   "4": 0.0,
   "8": 0.0,
   "16": 0.0,
   "32": 0.0,
   "64": 0.0
  },
  "9": {
   "1": 0.0,
   "2": 0.0,
   "4": 0.0,
   "8": 0.0,
   "16": 0.0,
   "32": 0.0,
   "64": 0.0
  },
  "10": {
   "1": 0.0,
   "2": 0.0,
   "4": 0.0,
   "8": 0.0,
   "16": 0.0,
   "32": 0.0,
   "64": 0.0
  },
  "11": {
   "1": 0.0,
   "2": 0.0,
   "4": 0.0,
   "8": 0.0,
   "16": 0.0,
   "32": 0.0,
   "64": 0.0
  },
  "12": {
   "1": 0.0,
   "2": 0.0,
   "4": 0.0,
   "8": 0.0,
   "16": 0.0,
   "32": 0.0,
   "64": 0.0
  }
 }
}