{
  "ck_uniform_maxrl": {
    "curves": {
      "0": {
        "1": 0.9658203125,
        "2": 0.9846230158730158,
        "4": 0.9964627244340359,
        "8": 0.9998514755560755,
        "16": 0.9999999231004034,
        "32": 1.0,
        "64": 1.0
      },
      "1": {
        "1": 0.9716796875,
        "2": 0.9959387400793651,
        "4": 0.9998208737818237,
        "8": 0.9999998182681998,
        "16": 0.9999999999999999,
        "32": 1.0,
        "64": 1.0
      },
      "2": {
        "1": 0.5419921875,
        "2": 0.6753472222222222,
        "4": 0.7827946562350483,
        "8": 0.862647608224768,
        "16": 0.9248074270228074,
        "32": 0.9662801735452475,
        "64": 1.0
      },
      "3": {
        "1": 0.40234375,
        "2": 0.5095486111111112,
        "4": 0.6048678262949811,
        "8": 0.6958439167551229,
        "16": 0.7671591474771832,
        "32": 0.8041338917133187,
        "64": 0.8125
      },
      "4": {
        "1": 0.1083984375,
        "2": 0.17962549603174605,
        "4": 0.2776801649731812,
        "8": 0.40007779425504286,
        "16": 0.5177201093246226,
        "32": 0.6054342984121355,
        "64": 0.6875
      },
      "5": {
        "1": 0.080078125,
        "2": 0.12286086309523811,
        "4": 0.17222725205232808,
        "8": 0.22693013224816772,
        "16": 0.28569765463106017,
        "32": 0.3675590805059671,
        "64": 0.5
      },
      "6": {
        "1": 0.0029296875,
        "2": 0.005828373015873016,
        "4": 0.011532738095238096,
        "8": 0.022569444444444448,
        "16": 0.04315476190476192,
        "32": 0.07837301587301587,
        "64": 0.125
      },
      "7": {
        "1": 0.0,
        "2": 0.0,
        "4": 0.0,
        "8": 0.0,
        "16": 0.0,
        "32": 0.0,
        "64": 0.0
      },
      "8": {
        "1": 0.0,
        "2": 0.0,
        "4": 0.0,
        "8": 0.0,
        "16": 0.0,
        "32": 0.0,
        "64": 0.0
      },
      "9": {
        "1": 0.0,
        "2": 0.0,
        "4": 0.0,
        "8": 0.0,
        "16": 0.0,
        "32": 0.0,
        "64": 0.0
      },
      "10": {
        "1": 0.0,
        "2": 0.0,
        "4": 0.0,
        "8": 0.0,
        "16": 0.0,
        "32": 0.0,
        "64": 0.0
      },
      "11": {
        "1": 0.0,
        "2": 0.0,
        "4": 0.0,
        "8": 0.0,
        "16": 0.0,
        "32": 0.0,
        "64": 0.0
      },
      "12": {
        "1": 0.0,
        "2": 0.0,
        "4": 0.0,
        "8": 0.0,
        "16": 0.0,
        "32": 0.0,
        "64": 0.0
      }
    },
    "kstar": {
      "0": 1.0,
      "1": 1.0,
      "2": 12.133374633340248,
      "3": null,
      "4": null,
      "5": null,
      "6": null,
      "7": null,
      "8": null,
      "9": null,
      "10": null,
      "11": null,
      "12": null
    }
  },
  "ck_uniform_grpo": {
    "curves": {
      "0": {
        "1": 0.994140625,
        "2": 0.9999069940476191,
        "4": 1.0,
        "8": 1.0,
        "16": 1.0,
        "32": 1.0,
        "64": 1.0
      },
      "1": {
        "1": 0.9384765625,
        "2": 0.9469246031746033,
        "4": 0.9552306429578706,
        "8": 0.9686880288207298,
        "16": 0.9859638229961472,
        "32": 0.9983492714025501,
        "64": 1.0
      },
      "2": {
        "1": 0.6650390625,
        "2": 0.7570064484126985,
        "4": 0.8190934383734985,
        "8": 0.8532270626800946,
        "16": 0.8696638684027114,
        "32": 0.8748514755554568,
        "64": 0.875
      },
      "3": {
        "1": 0.3896484375,
        "2": 0.4446614583333333,
        "4": 0.5006781417617285,
        "8": 0.5645394088899753,
        "16": 0.6373147255566893,
        "32": 0.723640966463699,
        "64": 0.8125
      },
      "4": {
        "1": 0.2138671875,
        "2": 0.31160094246031744,
        "4": 0.40497004923069174,
        "8": 0.4650882939796659,
        "16": 0.5014046509340488,
        "32": 0.5396825346909689,
        "64": 0.5625
      },
      "5": {
        "1": 0.0185546875,
        "2": 0.033389136904761904,
        "4": 0.05507850863110977,
        "8": 0.08060911523256489,
        "16": 0.10908652449044999,
        "32": 0.15624992310040342,
        "64": 0.25
      },
      "6": {
        "1": 0.0244140625,
        "2": 0.040271577380952384,
        "4": 0.057416494327768124,
        "8": 0.06922656162832279,
        "16": 0.07811695897696735,
        "32": 0.09374999999737724,
        "64": 0.125
      },
      "7": {
        "1": 0.0,
        "2": 0.0,
        "4": 0.0,
        "8": 0.0,
        "16": 0.0,
        "32": 0.0,
        "64": 0.0
      },
      "8": {
        "1": 0.0,
        "2": 0.0,
        "4": 0.0,
        "8": 0.0,
        "16": 0.0,
        "32": 0.0,
        "64": 0.0
      },
      "9": {
        "1": 0.0,
        "2": 0.0,
        "4": 0.0,
        "8": 0.0,
        "16": 0.0,
        "32": 0.0,
        "64": 0.0
      },
      "10": {
        "1": 0.0,
        "2": 0.0,
        "4": 0.0,
        "8": 0.0,
        "16": 0.0,
        "32": 0.0,
        "64": 0.0
      },
      "11": {
        "1": 0.0,
        "2": 0.0,
        "4": 0.0,
        "8": 0.0,
        "16": 0.0,
        "32": 0.0,
        "64": 0.0
      },
      "12": {
        "1": 0.0,
        "2": 0.0,
        "4": 0.0,
        "8": 0.0,
        "16": 0.0,
        "32": 0.0,
        "64": 0.0
      }
    },
    "kstar": {
      "0": 1.0,
      "1": 1.0,
      "2": null,
      "3": null,
      "4": null,
      "5": null,
      "6": null,
      "7": null,
      "8": null,
      "9": null,
      "10": null,
      "11": null,
      "12": null
    }
  },
  "ck_frontier_alp_maxrl_hsd": {
    "curves": {
      "0": {
        "1": 0.8994140625,
        "2": 0.9209449404761905,
        "4": 0.9430430760683438,
        "8": 0.9627848641137802,
        "16": 0.9808517176080771,
        "32": 0.9964627244314131,
        "64": 1.0
      },
      "1": {
        "1": 0.9638671875,
        "2": 0.9944506448412699,
        "4": 0.9996187296970613,
        "8": 0.9999989327387011,
        "16": 0.9999999999998761,
        "32": 1.0,
        "64": 1.0
      },
      "2": {
        "1": 0.5556640625,
        "2": 0.6754092261904762,
        "4": 0.7842077958563118,
        "8": 0.8800439424324058,
        "16": 0.9540213709550686,
        "32": 0.9918142995886146,
        "64": 1.0
      },
      "3": {
        "1": 0.412109375,
        "2": 0.48846726190476186,
        "4": 0.5713669937171061,
        "8": 0.6684135688059092,
        "16": 0.7606565796591989,
        "32": 0.8309463427216048,
        "64": 0.875
      },
      "4": {
        "1": 0.0869140625,
        "2": 0.15519593253968256,
        "4": 0.2549183475611292,
        "8": 0.37422694233540443,
        "16": 0.4853994304835789,
        "32": 0.5684485896046967,
        "64": 0.625
      },
      "5": {
        "1": 0.083984375,
        "2": 0.13420758928571427,
        "4": 0.20146004098360656,
        "8": 0.29136230960462844,
        "16": 0.3913997698421929,
        "32": 0.4793181210433444,
        "64": 0.5625
      },
      "6": {
        "1": 0.015625,
        "2": 0.030133928571428575,
        "4": 0.056064538950164944,
        "8": 0.0972382421416343,
        "16": 0.14790024638820562,
        "32": 0.1824518880906072,
        "64": 0.1875
      },
      "7": {
        "1": 0.0,
        "2": 0.0,
        "4": 0.0,
        "8": 0.0,
        "16": 0.0,
        "32": 0.0,
        "64": 0.0
      },
      "8": {
        "1": 0.0,
        "2": 0.0,
        "4": 0.0,
        "8": 0.0,
        "16": 0.0,
        "32": 0.0,
        "64": 0.0
      },
      "9": {
        "1": 0.0,
        "2": 0.0,
        "4": 0.0,
        "8": 0.0,
        "16": 0.0,
        "32": 0.0,
        "64": 0.0
      },
      "10": {
        "1": 0.0,
        "2": 0.0,
        "4": 0.0,
        "8": 0.0,
        "16": 0.0,
        "32": 0.0,
        "64": 0.0
      },
      "11": {
        "1": 0.0,
        "2": 0.0,
        "4": 0.0,